SMILES,pIC50,ChEMBL ID
O=C(O)[C@H]1[C@H](Cn2nnc3ccccc3c2=O)CC[C@@H]1C(=O)c1ccc(OCCC2CCOCC2)cc1,10.07058107,CHEMBL4585243
Cc1ccc(-c2ccc3oc4cc(S(=O)(=O)N[C@H](C(=O)O)C(C)C)ccc4c3c2)o1,10,CHEMBL1935285
CC(C)[C@H](NS(=O)(=O)c1ccc2c(c1)oc1ccc(-c3ccc(Cl)o3)cc12)C(=O)O,10,CHEMBL1935286
CC(C)ON([C@@H](C(=O)NO)C(C)C)S(=O)(=O)c1ccc(-c2ccccc2)cc1,9.698970004,CHEMBL179288
Cc1ccc(-c2ccc3oc4cc(S(=O)(=O)N[C@H](C(=O)O)C(C)C)ccc4c3c2)s1,9.698970004,CHEMBL1935288
CC(C)[C@H](NS(=O)(=O)c1ccc2c(c1)oc1ccc(-c3cccs3)cc12)C(=O)O,9.698970004,CHEMBL1935287
O=C(NO)C1(NS(=O)(=O)c2ccc(Oc3ccc(F)cc3)cc2)CCOCC1,9.619788758,CHEMBL111856
CC(C)[C@H](NS(=O)(=O)c1ccc2c(c1)oc1ccc(-c3noc(C4CCOC4)n3)cc12)C(=O)O,9.522878745,CHEMBL1935304
Cc1ccc(-c2cc(-c3ccc(S(=O)(=O)N[C@H](C(=O)O)C(C)C)cc3)no2)s1,9.434152181,CHEMBL5288452
COC(=O)Nc1ccc2sc3cc(S(=O)(=O)N[C@H](C(=O)O)C(C)C)ccc3c2c1,9.397940009,CHEMBL561312
CC(C)[C@H](NS(=O)(=O)c1ccc2c(c1)oc1ccc(-c3ccoc3)cc12)C(=O)O,9.397940009,CHEMBL1935284
CC(C)[C@H](NS(=O)(=O)c1ccc2c(c1)oc1ccc(-c3ccc[nH]3)cc12)C(=O)O,9.397940009,CHEMBL1935290
CCc1ccc(-c2cc(-c3ccc(S(=O)(=O)N[C@H](C(=O)O)C(C)C)cc3)no2)s1,9.247183569,CHEMBL5280430
CC(C)[C@H](NS(=O)(=O)c1ccc2c(c1)oc1ccc(-n3ccc(C(F)(F)F)n3)cc12)C(=O)O,9.15490196,CHEMBL1935280
CC(C)[C@H](NS(=O)(=O)c1ccc2c(c1)oc1ccc(NC(=O)Nc3ccsc3)cc12)C(=O)O,9.045757491,CHEMBL523683
O=C(NO)C1c2ccc(Oc3ccccc3)cc2CCN1S(=O)(=O)c1cc(Cl)ccc1Cl,9.031517051,CHEMBL2337131
O=C(NO)[C@@]1(O)COCC[C@H]1S(=O)(=O)c1ccc(OCc2ccc(Cl)cc2Cl)cc1,9.022276395,CHEMBL366111
CC(C)[C@H](NS(=O)(=O)c1ccc2c(c1)oc1ccc(-c3nccs3)cc12)C(=O)O,9,CHEMBL1935291
CC(C)[C@H](NS(=O)(=O)c1ccc2c(c1)oc1ccc(NC(=O)NCCc3cccs3)cc12)C(=O)O,8.958607315,CHEMBL493356
Cc1cnc(-c2ccc3oc4cc(S(=O)(=O)N[C@H](C(=O)O)C(C)C)ccc4c3c2)s1,8.920818754,CHEMBL1935292
COc1ccc(-c2cn(-c3ccc(S(=O)(=O)C4(C(=O)NO)CCOCC4)cc3)nn2)cc1,8.920818754,CHEMBL5199189
CC(C)C[C@H](NC(=O)[C@H](C)NC(=O)[C@H](CC(=O)O)NC(=O)[C@H](CC(N)=O)NC(=O)CCCNS(=O)(=O)c1ccc(Oc2ccccc2)cc1)C(=O)N(C)[C@@H](CC(C)C)C(=O)N1CCC[C@H]1CC(N)=O,8.886056648,CHEMBL5183245
CC(C)[C@H](NS(=O)(=O)c1ccc2c(c1)oc1ccc(-c3noc(C4CC4)n3)cc12)C(=O)O,8.795880017,CHEMBL1935300
CC(C)[C@H](NS(=O)(=O)c1ccc2c(c1)oc1ccc(N3CCOC3=O)cc12)C(=O)O,8.776420984,CHEMBL550038
CNC(=O)[C@@H](NC(=O)C(CCc1ccc(Cl)cc1)CP(=O)(O)Cc1ccc(Cc2ccccc2)cc1)C(C)(C)C,8.769806696,CHEMBL77163
O=C(NCc1cccc(OCCCS(=O)(=O)N2CCCCC2C(=O)NO)c1)c1nc2ccccc2c(=O)[nH]1,8.744727495,CHEMBL3958969
COCc1nc(-c2ccc3oc4cc(S(=O)(=O)N[C@H](C(=O)O)C(C)C)ccc4c3c2)no1,8.721246399,CHEMBL1935298
CSCC[C@@H](C(=O)N1CCC[C@H]1CC(N)=O)N(C)C(=O)[C@H](CC(C)C)NC(=O)[C@H](C)NC(=O)[C@H](CC(=O)O)NC(=O)[C@H](CC(N)=O)NC(=O)CCCNS(=O)(=O)c1ccc(Oc2ccccc2)cc1,8.721246399,CHEMBL5209489
CCOc1ccc(OC2CCN(S(=O)(=O)C[C@@]3(C)NC(=O)NC3=O)CC2)cc1,8.698970004,CHEMBL2409699
COC(=O)Nc1ccc2oc3cc(S(=O)(=O)N[C@H](C(=O)O)C(C)C)ccc3c2c1,8.698970004,CHEMBL523034
CC(C)C[C@H](CC(=O)NO)C(=O)N[C@@H](Cc1ccccc1)C(=O)N[C@@H](CCCCN)C(N)=O,8.698970004,CHEMBL3355722
CC(C)[C@H](NS(=O)(=O)c1ccc2c(c1)oc1ccc(NC(=O)OCCF)cc12)C(=O)O,8.677780705,CHEMBL523201
CC(C)[C@H](NS(=O)(=O)c1ccc2c(c1)oc1ccc(-c3noc(C(F)(F)F)n3)cc12)C(=O)O,8.657577319,CHEMBL1935299
CC(C)[C@H](NS(=O)(=O)c1ccc2c(c1)oc1ccc(N3CCOCC3)cc12)C(=O)O,8.657577319,CHEMBL1935283
CC(C)[C@H](NS(=O)(=O)c1ccc2c(c1)oc1ccc(-c3noc(C4CCC4)n3)cc12)C(=O)O,8.638272164,CHEMBL1935301
NC(=O)[C@H](CCC(=O)O)NC(=O)c1ccc(-c2cc(-c3ccccc3)cs2)cc1,8.602059991,CHEMBL4761188
C[C@@H](C[C@@H](COC(=O)CCC(=O)O)NC(=O)c1ccc(Oc2ccccc2)cc1)C(=O)NO,8.585026652,CHEMBL118497
COc1ccc(-c2ccc(S(=O)(=O)c3ccccc3C(C)C(=O)NO)cc2)cc1,8.568636236,CHEMBL572780
CCc1nc(-c2ccc3oc4cc(S(=O)(=O)N[C@H](C(=O)O)C(C)C)ccc4c3c2)no1,8.537602002,CHEMBL1935294
O=C(NO)C1(S(=O)(=O)c2ccc(-n3cc(-c4ccc(-c5ccccc5)cc4)nn3)cc2)CCOCC1,8.494850022,CHEMBL5198463
C[C@]1(CS(=O)(=O)N2CCC(Oc3ccc(OC(F)(F)F)cc3)CC2)NC(=O)NC1=O,8.48148606,CHEMBL2409700
C[C@@H](C[C@@H](CO)NC(=O)c1ccc(Oc2ccccc2)cc1)C(=O)NO,8.455931956,CHEMBL116944
O=C(NO)C(Cc1ccccc1)NS(=O)(=O)c1ccc(-c2cn(-c3ccc(-c4ccccc4)cc3)nn2)cc1,8.420216403,CHEMBL5182668
CNC(=O)[C@@H](NC(=O)C(CCc1ccccc1)CP(=O)(O)Cc1ccc(Cc2ccccc2OC)cc1)C(C)(C)C,8.398973916,CHEMBL77995
CC(C)[C@H](NS(=O)(=O)c1ccc2c(c1)oc1ccc(-c3noc(-c4ccccc4)n3)cc12)C(=O)O,8.397940009,CHEMBL1935303
COc1ccc(-c2ccc(Sc3ccccc3CC(=O)NO)cc2)cc1,8.397940009,CHEMBL4210206
CC(C)C[C@H](NC(=O)[C@H](C)NC(=O)[C@H](CC(=O)O)NC(=O)[C@H](CC(N)=O)NC(=O)CCCNS(=O)(=O)c1ccc(Oc2ccccc2)cc1)C(=O)N(C)[C@@H](CC(C)C)C(=O)N1CCC[C@H]1C(N)=O,8.387216143,CHEMBL5191373
COc1ccc(CCC[C@H](NC(=O)CN2CCOCC2)C(=O)N[C@H](CCc2ccc(OC)cc2)C(=O)N[C@H](Cc2ccc(C)cc2)C(=O)NO)cc1,8.356547324,CHEMBL4787709
CC(C)c1nc(-c2ccc3oc4cc(S(=O)(=O)N[C@H](C(=O)O)C(C)C)ccc4c3c2)no1,8.346787486,CHEMBL1935295
COc1ccc(CC[C@@H](NC(=O)[C@H](CCCc2ccccc2)NC(=O)CN2CCOCC2)C(=O)N[C@H](Cc2ccc(C)cc2)C(=O)NO)cc1,8.346787486,CHEMBL4755394
CNC(=O)[C@H](Cc1c[nH]c2ccccc12)NC(=O)[C@@H](CC(=O)NO)CC(C)C,8.328054756,CHEMBL19611
CC[C@H](C)[C@@H](C(=O)N1CCC[C@H]1CC(N)=O)N(C)C(=O)[C@H](CC(C)C)NC(=O)[C@H](C)NC(=O)[C@H](CC(=O)O)NC(=O)[C@H](CC(N)=O)NC(=O)CCCNS(=O)(=O)c1ccc(Oc2ccccc2)cc1,8.327902142,CHEMBL5182207
CC(C)COC(=O)Nc1ccc2oc3cc(S(=O)(=O)N[C@H](C(=O)O)C(C)C)ccc3c2c1,8.327902142,CHEMBL494529
CN(C)c1ccc(-c2cn(-c3ccc(S(=O)(=O)C4(C(=O)NO)CCOCC4)cc3)nn2)cc1,8.318758763,CHEMBL5176328
COc1ccc(-c2ccc(S(=O)(=O)c3ccccc3CC(=O)NO)cc2)cc1,8.318758763,CHEMBL584365
CCOC(=O)Nc1ccc2oc3cc(S(=O)(=O)N[C@H](C(=O)O)C(C)C)ccc3c2c1,8.301029996,CHEMBL523035
CC(C)[C@H](NS(=O)(=O)c1ccc2c(c1)oc1ccc(NC(=O)NC3CCCC3)cc12)C(=O)O,8.301029996,CHEMBL492952
O=C(CCc1ccc(C(F)(F)F)cc1)NC[C@@]1(C2CC2)NC(=O)NC1=O,8.301029996,CHEMBL4102193
CNC(=O)[C@@H](NC(=O)C(CCc1ccc(Cl)cc1)CP(=O)(O)Cc1ccc(Cc2ccccc2OC)cc1)C(C)(C)C,8.300509467,CHEMBL308277
CC(C)Cc1nc(-c2ccc3oc4cc(S(=O)(=O)N[C@H](C(=O)O)C(C)C)ccc4c3c2)no1,8.26760624,CHEMBL1935297
CC(C)C[C@H](NC(=O)[C@H](C)NC(=O)[C@H](CC(=O)O)NC(=O)[C@H](CC(N)=O)NC(=O)CCCNS(=O)(=O)c1ccc(Oc2ccccc2)cc1)C(=O)N(C)[C@H](C(=O)N1CCC[C@H]1CC(N)=O)C(C)C,8.251811973,CHEMBL5203315
CCCOC(=O)Nc1ccc2oc3cc(S(=O)(=O)N[C@H](C(=O)O)C(C)C)ccc3c2c1,8.251811973,CHEMBL494528
C[C@]1(CS(=O)(=O)N2CCC(Oc3ccc(C(F)(F)F)cc3)CC2)NC(=O)NC1=O,8.229147988,CHEMBL2409710
Cc1cc(COc2ccc(S(=O)(=O)N(C)C3(C(=O)NO)CN(C(=O)CC(C)C)C3)cc2)c2ccccc2n1,8.22184875,CHEMBL4208519
CC(C(=O)NO)c1ccccc1S(=O)(=O)c1ccc(-c2ccccc2)cc1,8.22184875,CHEMBL574605
O=C(Cc1ccccc1S(=O)(=O)c1ccc(-c2ccccc2)cc1)NO,8.22184875,CHEMBL574370
C#CCCOC(=O)Nc1ccc2c(c1)sc1cc(S(=O)(=O)N[C@H](C(=O)O)C(C)C)ccc12,8.214670165,CHEMBL563407
CSCC[C@H](NC(=O)[C@H](CC(C)C)NC(=O)[C@H](C)NC(=O)[C@H](CC(=O)O)NC(=O)[C@H](CC(N)=O)NC(=O)CCCCS(=O)(=O)c1ccc(Oc2ccccc2)cc1)C(=O)N1CCC[C@H]1C(N)=O,8.214670165,CHEMBL5170274
CCOC(=O)Nc1ccc2c(c1)sc1cc(S(=O)(=O)N[C@H](C(=O)O)C(C)C)ccc12,8.200659451,CHEMBL561715
CC(C)[C@H](NS(=O)(=O)c1ccc2c(c1)oc1ccc(NC(=O)Oc3ccccc3Cl)cc12)C(=O)O,8.180456064,CHEMBL493750
CC(=O)c1ccc(-c2ccc(-c3cc(C(=O)NC[C@H]4CC[C@H](C(=O)O)CC4)sc3F)cc2)cc1,8.15490196,CHEMBL1644429
C[C@@H](Cc1ccc(C(F)(F)F)cc1)C(=O)NC[C@@]1(C2CC2)NC(=O)NC1=O,8.15490196,CHEMBL4094455
CC(C)[C@H](NS(=O)(=O)c1ccc2c(c1)oc1ccc(NC(=O)Oc3ccc(F)cc3)cc12)C(=O)O,8.149561646,CHEMBL492531
CC(C)[C@H](NS(=O)(=O)c1ccc2c(c1)oc1ccc(-c3noc(C4CCCCC4)n3)cc12)C(=O)O,8.142667504,CHEMBL1935302
COC(=O)Nc1ccc2c(c1)oc1ccc(S(=O)(=O)N[C@@H](C(=O)O)C(C)C)cc12,8.142667504,CHEMBL474456
CSCC[C@@H](C(=O)N1CCC[C@H]1C(N)=O)N(C)C(=O)[C@H](CC(C)C)NC(=O)[C@H](C)NC(=O)[C@H](CC(=O)O)NC(=O)[C@H](CC(N)=O)NC(=O)CCCNS(=O)(=O)c1ccc(Oc2ccccc2)cc1,8.13667714,CHEMBL5180149
CC(C)[C@H](NS(=O)(=O)c1ccc2c(c1)oc1ccc(NC(N)=O)cc12)C(=O)O,8.119186408,CHEMBL523001
CC(C)[C@H](NS(=O)(=O)c1ccc2c(c1)sc1cc(NC(=O)OCCS(C)(=O)=O)ccc12)C(=O)O,8.119186408,CHEMBL552175
COc1ccc(S(=O)(=O)N(Cc2ccccc2)[C@@H](C(=O)NO)C(C)C)cc1,8.113509275,CHEMBL85030
CC(C)[C@H](NS(=O)(=O)c1ccc(-c2cccc(CNC(=O)c3nc4ccccc4c(=O)[nH]3)c2)cc1)C(=O)NO,8.091514981,CHEMBL3932562
CNC(=O)[C@@H](NC(=O)C(CCc1ccccc1)CP(=O)(O)Cc1ccc(Cc2ccccc2)cc1)C(C)(C)C,8.088101226,CHEMBL290377
CNC(=O)C(CCc1ccccc1)NC(=O)C(CC(=O)NO)CC(C)C,8.086186148,CHEMBL2048512
CC(C)[C@H](NS(=O)(=O)c1ccc2c(c1)oc1ccc(NC(=O)Oc3ccc(I)cc3)cc12)C(=O)O,8.070581074,CHEMBL4217377
CC(C)C(CS(=O)(=O)c1ccc(-c2cccc(CNC(=O)c3nc4ccccc4c(=O)[nH]3)c2)cc1)N(O)C=O,8.070581074,CHEMBL3889936
Cc1nc(-c2ccc3oc4cc(S(=O)(=O)N[C@H](C(=O)O)C(C)C)ccc4c3c2)no1,8.065501549,CHEMBL1935293
C[C@]1(CS(=O)(=O)N2CCC(Oc3ccc(Cl)cc3)CC2)NC(=O)NC1=O,8.050609993,CHEMBL2409711
O=C1NC(=O)[C@](CNC(=O)c2cc3cc(C(F)(F)F)ccc3o2)(C2CC2)N1,8.045757491,CHEMBL4097165
CCCC[C@@H](CC(=O)NO)S(=O)(=O)c1ccccc1,8.045757491,CHEMBL2092878
COC(=O)Nc1ccc2c(c1)sc1cc(S(=O)(=O)N[C@H](C(=O)O)C(C)C)ccc12,8.045757491,CHEMBL562373
CC(C)[C@H](NS(=O)(=O)c1ccc2c(c1)oc1cc(N3CCOC3=O)ccc12)C(=O)O,8.036212173,CHEMBL563177
NC(=O)NCCC[C@@H](NS(=O)(=O)c1ccc(OCc2cc(Br)cc(Br)c2)cc1)C(=O)NO,8.026872146,CHEMBL2431028
CC(C)[C@H](NS(=O)(=O)c1ccc2c(c1)oc1cc(NC(=O)OCCF)ccc12)C(=O)O,8,CHEMBL492904
CC(C)[C@H](NS(=O)(=O)c1ccc2c(c1)oc1ccc(NC(=O)Oc3ccccc3)cc12)C(=O)O,7.991399828,CHEMBL523357
CC(C)[C@H](NS(=O)(=O)c1ccc2c(c1)oc1ccc(NS(C)(=O)=O)cc12)C(=O)O,7.987162775,CHEMBL473611
CC(C)[C@@H](NS(=O)(=O)c1ccc2oc3cc(NS(C)(=O)=O)ccc3c2c1)C(=O)O,7.958607315,CHEMBL475230
CC(C)[C@H](NS(=O)(=O)c1ccc2c(c1)oc1ccc(NC(=O)Oc3ccc(Br)cc3)cc12)C(=O)O,7.958607315,CHEMBL4207732
COC(=O)Nc1ccc2c(c1)oc1cc(S(=O)(=O)N[C@@H](C(=O)O)C(C)C)ccc12,7.954677021,CHEMBL550562
CSCC[C@H](NC(=O)[C@H](CC(C)C)NC(=O)[C@H](C)NC(=O)[C@H](CC(=O)O)NC(=O)[C@H](CC(N)=O)NC(=O)CCCNS(=O)(=O)c1ccc(Oc2ccccc2)cc1)C(=O)N1CCC[C@H]1C(N)=O,7.920818754,CHEMBL5186594
O=C(O)C[C@@H](NC(=O)c1cc(-c2ccc(-c3ccncc3)cc2)c(F)s1)c1ccccc1,7.886056648,CHEMBL1644431
CC(C)[C@H](NS(=O)(=O)c1ccc2c(c1)oc1ccc(-n3cncn3)cc12)C(=O)O,7.886056648,CHEMBL1935278
Cc1cc(COc2ccc(S(=O)(=O)N(C)C3(C(=O)NO)CN(C(=O)C(C)C)C3)cc2)c2ccccc2n1,7.886056648,CHEMBL4215407
CC(C)[C@@H](NS(=O)(=O)c1ccc(-c2nc(-c3ccc(Cn4cc(CCCF)nn4)s3)no2)cc1)C(=O)O,7.886056648,CHEMBL5429762
CCCCC(CC(=O)NO)S(=O)(=O)c1ccc2ccccc2c1,7.886056648,CHEMBL78001
CCCOC(=O)Nc1ccc2c(c1)oc1ccc(S(=O)(=O)N[C@@H](C(=O)O)C(C)C)cc12,7.853871964,CHEMBL474457
CCCCC(CC(=O)NO)S(=O)(=O)C1CCCCC1,7.853871964,CHEMBL77258
Cc1ccc(OC(=O)Nc2ccc3oc4cc(S(=O)(=O)N[C@H](C(=O)O)C(C)C)ccc4c3c2)cc1,7.853871964,CHEMBL523670
O=C(N[C@@H](C(=O)O)c1ccccc1)c1cc(-c2ccc(-c3ccncc3)cc2)cs1,7.853871964,CHEMBL179285
CC(C)[C@H](NS(=O)(=O)c1ccc(-c2ccc(NC(=O)c3cc4ccccc4o3)cc2)cc1)C(=O)O,7.853871964,CHEMBL187523
O=C(O)C[C@@H](NC(=O)c1cc(-c2ccc(-c3ccncc3)cc2)cs1)c1ccccc1,7.853871964,CHEMBL508461
Cc1ccc(-c2noc(-c3ccc(S(=O)(=O)N[C@@H](C(=O)O)C(C)C)cc3)n2)s1,7.853871964,CHEMBL5436337
CC(C)[C@H](NS(=O)(=O)c1ccc2c(c1)oc1ccc(-n3cccn3)cc12)C(=O)O,7.823908741,CHEMBL1935279
CC(C)[C@H](NS(=O)(=O)c1ccc(-c2cccc(CNC(=O)c3nc4ccccc4c(=O)[nH]3)c2)cc1)C(=O)O,7.795880017,CHEMBL3971135
CC(C)[C@H](NS(=O)(=O)c1ccc2c(c1)oc1cc(NC(=O)Oc3ccc(F)cc3)ccc12)C(=O)O,7.795880017,CHEMBL492905
COc1ccc(CC[C@@H](NC(=O)[C@H](COCc2ccccc2)NC(C)=O)C(=O)N[C@H](Cc2ccccc2)C(=O)NO)cc1,7.787812396,CHEMBL4741966
CC(=O)N[C@@H](COCc1ccccc1)C(=O)N[C@H](CCc1ccc(C(F)(F)F)cc1)C(=O)N[C@H](Cc1ccccc1)C(=O)NO,7.777283529,CHEMBL4748728
CC(C)[C@H](NS(=O)(=O)c1ccc2c(c1)oc1cc(N)ccc12)C(=O)O,7.769551079,CHEMBL553918
COC(=O)N1CC2(CC2)C[C@H](C(=O)NO)[C@H]1C(=O)N1CC=C(c2ccccc2)CC1,7.769551079,CHEMBL434567
CC(C)[C@H](NS(=O)(=O)c1ccc2c(c1)oc1ccc(-c3noc(C(C)(C)C)n3)cc12)C(=O)O,7.769551079,CHEMBL1935296
CC[C@H](C)[C@@H](C(=O)N1CCC[C@H]1C(N)=O)N(C)C(=O)[C@H](CC(C)C)NC(=O)[C@H](C)NC(=O)[C@H](CC(=O)O)NC(=O)[C@H](CC(N)=O)NC(=O)CCCNS(=O)(=O)c1ccc(Oc2ccccc2)cc1,7.744727495,CHEMBL5191820
O=C(NCc1ccc(-c2ccccc2)cc1)c1occc(=O)c1O,7.744727495,CHEMBL5274715
Cc1cc(=O)c(O)c(C(=O)NCc2ccc(-c3ccccc3)cc2)o1,7.744727495,CHEMBL255374
CC(C)[C@H](NS(=O)(=O)c1ccc2c(c1)oc1cc(NC(=O)NCCc3cccs3)ccc12)C(=O)O,7.744727495,CHEMBL552362
O=C(NCc1ccc(-c2ccccc2)cc1)c1cccc(=O)n1O,7.744727495,CHEMBL2435340
CC(=O)N[C@@H]1[C@@H](OC(C)=O)[C@H](OC(C)=O)[C@@H](COC(C)=O)O[C@H]1NC(=S)NCCN([C@@H](C(=O)O)C(C)C)S(=O)(=O)c1ccc(-c2ccccc2)cc1,7.744727495,CHEMBL4291062
CC(C)[C@H](NS(=O)(=O)c1ccc2c(c1)oc1ccc(N3CCN(C)CC3)cc12)C(=O)O,7.744727495,CHEMBL1935282
CC(C)[C@@H]1C(=O)N(O)C(=O)CN1S(=O)(=O)c1ccc(-c2ccccc2)cc1,7.721246399,CHEMBL1939845
O=C(NO)[C@@H]1CS(=O)(=O)CN1S(=O)(=O)c1ccc(Oc2ccc(Cl)cc2)cc1,7.721246399,CHEMBL1957606
CC(=O)OC[C@H]1O[C@@H](NC(=S)NCCN([C@@H](C(=O)O)C(C)C)S(=O)(=O)c2ccc(-c3ccccc3)cc2)[C@H](OC(C)=O)[C@@H](OC(C)=O)[C@@H]1OC(C)=O,7.721246399,CHEMBL4282849
CC(=O)N[C@@H](CCCc1ccccc1)C(=O)N[C@H](CCc1ccccc1)C(=O)N[C@H](Cc1ccccc1)C(=O)NO,7.709965389,CHEMBL4787278
CC(C)CC(C(=O)NC(c1noc(Sc2ccccc2)n1)C(C)(C)C)C(O)C(=O)NO,7.698970004,CHEMBL5193127
CO[C@@H]1O[C@H](CNC(=S)NCCN([C@@H](C(=O)O)C(C)C)S(=O)(=O)c2ccc(-c3ccccc3)cc2)[C@@H](OC(C)=O)[C@H](OC(C)=O)[C@H]1OC(C)=O,7.698970004,CHEMBL4291027
COc1ccc(S(=O)(=O)N2CCc3cc(O)c(OC)cc3C2C(=O)NO)cc1,7.698970004,CHEMBL148214
CC(C)COC(=O)Nc1ccc2c(c1)sc1cc(S(=O)(=O)N[C@H](C(=O)O)C(C)C)ccc12,7.694648631,CHEMBL550907
COc1ccc(CCC[C@H](NC(C)=O)C(=O)N[C@H](CCc2ccccc2)C(=O)N[C@H](Cc2ccccc2)C(=O)NO)cc1,7.688246139,CHEMBL4785870
CC(=O)N[C@@H](COCc1ccccc1)C(=O)N[C@H](CCc1ccccc1)C(=O)N[C@H](Cc1ccc(C)cc1)C(=O)NO,7.679853714,CHEMBL4758924
CC(C)C[C@H](NC(=O)[C@H](C)NC(=O)[C@H](CC(=O)O)NC(=O)[C@H](CC(N)=O)NC(=O)CCCNS(=O)(=O)c1ccc(Oc2ccccc2)cc1)C(=O)N(C)[C@H](C(=O)N1CCC[C@H]1C(N)=O)C(C)C,7.657577319,CHEMBL5198135
CC(C)[C@@H]1C(=O)N(O)C(=O)CN1S(=O)(=O)c1ccc(Oc2ccccc2)cc1,7.638272164,CHEMBL1939846
CC(C)[C@H](NS(=O)(=O)c1ccc2c(c1)oc1ccc(N3CCNCC3)cc12)C(=O)O,7.638272164,CHEMBL1935281
CC(C)OC(=O)Nc1ccc2c(c1)sc1cc(S(=O)(=O)N[C@H](C(=O)O)C(C)C)ccc12,7.63638802,CHEMBL559583
C[C@]1(CS(=O)(=O)N2CCC(Oc3ccc(F)cc3)CC2)NC(=O)NC1=O,7.625251654,CHEMBL2409698
CC(=O)c1ccc(-c2ccc(-c3cc(C(=O)N[C@H](CC(=O)O)c4ccccc4)sc3F)cc2)cc1,7.619788758,CHEMBL1644430
CC(C)[C@H](NS(=O)(=O)c1ccc2c(c1)sc1cc(NC(=O)Oc3ccccc3)ccc12)C(=O)O,7.602059991,CHEMBL550984
CSCC[C@H](NC(=O)[C@H](CC(C)C)NC(=O)[C@H](C)NC(=O)[C@H](CC(=O)O)NC(=O)[C@H](CC(N)=O)NC(=O)CCNS(=O)(=O)c1ccc(Oc2ccccc2)cc1)C(=O)N1CCC[C@H]1C(N)=O,7.602059991,CHEMBL5202634
CC[C@H](Cc1ccc(C(F)(F)F)cc1)C(=O)NC[C@@]1(C2CC2)NC(=O)NC1=O,7.585026652,CHEMBL4072836
CCCN([C@@H](C(=O)O)C(C)C)S(=O)(=O)c1ccc(-c2nc(-c3ccc(C)s3)no2)cc1,7.585026652,CHEMBL5434496
COc1ccc(-c2ccc(Sc3ccccc3C(CCC(=O)O)C(=O)O)cc2)cc1,7.585026652,CHEMBL4209100
CC(=O)N[C@@H](COCc1ccccc1)C(=O)N[C@H](CCc1ccccc1)C(=O)N[C@H](Cc1ccccc1F)C(=O)NO,7.555955204,CHEMBL4741404
CC(C)[C@H](NS(=O)(=O)c1ccc2c(c1)sc1cc(NC(=O)Oc3ccc(F)cc3)ccc12)C(=O)O,7.552841969,CHEMBL562114
Cc1ccc(S(=O)(=O)N2CCc3cc(O)ccc3C2C(=O)NO)cc1,7.537602002,CHEMBL147882
CC(C)[C@@H](NS(=O)(=O)c1ccc(-c2nc(-c3ccc(Cn4cc(CCCCCF)nn4)s3)no2)cc1)C(=O)O,7.537602002,CHEMBL5428131
CCOCCC1(Oc2ccc(Oc3ccc(-c4nnco4)cc3)cc2)C(=O)NC(=O)C(N)C1=O,7.537602002,CHEMBL183410
CC(=O)N[C@@H](COCc1ccccc1)C(=O)N[C@H](CCc1ccccc1)C(=O)N[C@H](Cc1cccc(F)c1)C(=O)NO,7.519993057,CHEMBL4764208
COc1ccc(S(=O)(=O)c2ccccc2CC(=O)NO)cc1,7.494850022,CHEMBL573714
COc1ccc(-c2ccc(Sc3ccccc3C3CCC(=O)N(O)C3=O)cc2)cc1,7.48148606,CHEMBL4203044
CSCC[C@H](NC(=O)[C@H](CC(C)C)NC(=O)[C@H](C)NC(=O)[C@H](CC(=O)O)NC(=O)[C@H](CC(N)=O)NC(=O)CCCCNS(=O)(=O)c1ccc(-c2ccccc2)cc1)C(=O)N1CCC[C@H]1C(N)=O,7.468521083,CHEMBL5185823
CC(C)[C@H](NS(=O)(=O)c1ccc2c(c1)sc1cc(NC(=O)NCc3ccccc3)ccc12)C(=O)O,7.467245621,CHEMBL563343
CC(=O)N[C@@H](Cc1c[nH]c2ccccc12)C(=O)N[C@H](CCc1ccccc1)C(=O)N[C@H](Cc1ccccc1)C(=O)NO,7.457174573,CHEMBL4780646
CC(=O)N[C@@H](COCc1ccccc1)C(=O)N[C@H](CCc1ccccc1)C(=O)N[C@H](Cc1ccc(Cl)cc1)C(=O)NO,7.454692884,CHEMBL4742155
CC(=O)N[C@@H](COCc1ccccc1)C(=O)N[C@H](CCc1ccccc1)C(=O)N[C@H](Cc1cccc(C)c1)C(=O)NO,7.449771647,CHEMBL4745673
Cc1ccc(-c2noc(-c3ccc(S(=O)(=O)N(CCF)[C@@H](C(=O)O)C(C)C)cc3)n2)s1,7.443697499,CHEMBL5424250
CC(=O)N[C@@H](COCc1ccccc1)C(=O)N[C@H](CCc1ccccc1)C(=O)N[C@H](Cc1ccc(OC(C)=O)cc1)C(=O)NO,7.442492798,CHEMBL4757848
Cc1ccc(OC(=O)Nc2ccc3c(c2)sc2cc(S(=O)(=O)N[C@H](C(=O)O)C(C)C)ccc23)cc1,7.440093375,CHEMBL549756
Cc1ccc(-c2noc(-c3ccc(S(=O)(=O)N(C)[C@@H](C(=O)O)C(C)C)cc3)n2)s1,7.431798276,CHEMBL5401833
CC(C)[C@@H](NS(=O)(=O)c1ccc2oc3ccccc3c2c1)C(=O)O,7.420216403,CHEMBL449228
CC(=O)N[C@@H](COCc1ccccc1)C(=O)N[C@H](CCc1ccccc1)C(=O)N[C@H](Cc1ccccc1)C(=O)NO,7.419219577,CHEMBL4169775
CC(C)OC(=O)Nc1ccc2c(c1)oc1ccc(S(=O)(=O)N[C@@H](C(=O)O)C(C)C)cc12,7.408935393,CHEMBL474622
CC(=O)N[C@@H]1[C@@H](O)[C@H](O)[C@@H](CO)O[C@H]1NC(=S)NCCN([C@@H](C(=O)O)C(C)C)S(=O)(=O)c1ccc(-c2ccccc2)cc1,7.397940009,CHEMBL4285838
COc1ccc(-c2ccc(Sc3ccccc3CC(=O)O)cc2)cc1,7.397940009,CHEMBL4214269
COc1ccc(-c2ccc(S(=O)(=O)c3ccccc3C3CCC(=O)N(O)C3=O)cc2)cc1,7.397940009,CHEMBL4214626
O=C(NCCC[C@@H](NS(=O)(=O)c1ccc(OCc2cc(Br)cc(Br)c2)cc1)C(=O)NO)c1cccc(C(=O)NCCC[C@@H](NS(=O)(=O)c2ccc(OCc3cc(Br)cc(Br)c3)cc2)C(=O)NO)c1,7.387216143,CHEMBL5283335
CO[C@@H]1O[C@H](CN([C@@H](C(=O)O)C(C)C)S(=O)(=O)c2ccc(-c3ccccc3)cc2)[C@@H](O)[C@H](O)[C@H]1NC(C)=O,7.387216143,CHEMBL4286237
Cc1ccc(-c2noc(-c3ccc(S(=O)(=O)N(CCCCF)[C@@H](C(=O)O)C(C)C)cc3)n2)s1,7.387216143,CHEMBL5406867
CC(=O)N[C@@H](COCc1ccccc1)C(=O)N[C@H](CCc1ccccc1)C(=O)N[C@H](Cc1ccc(F)cc1)C(=O)NO,7.37675071,CHEMBL4745509
CC(C)[C@H](NS(=O)(=O)c1ccc2c(c1)sc1cc(N)ccc12)C(=O)O,7.37675071,CHEMBL550702
CC(=O)N[C@@H](COCc1ccccc1)C(=O)N[C@H](CCc1ccccc1)C(=O)N[C@H](Cc1ccc(O)cc1)C(=O)NO,7.375717904,CHEMBL4784390
CC(C)[C@H](NS(=O)(=O)c1ccc2c(c1)sc1cc(N3CCOC3=O)ccc12)C(=O)O,7.356547324,CHEMBL552313
O=C(O)Cc1ccccc1S(=O)(=O)c1ccc(-c2ccc(OCCF)cc2)cc1,7.356547324,CHEMBL2326363
CC(C)[C@@H](NS(=O)(=O)c1ccc2oc3cc(NC(=O)Oc4ccccc4)ccc3c2c1)C(=O)O,7.346787486,CHEMBL492314
CSCC[C@H](NC(=O)[C@H](CC(C)C)NC(=O)[C@H](C)NC(=O)[C@H](CC(=O)O)NC(=O)[C@H](CC(N)=O)NC(=O)CCCNS(=O)(=O)c1ccc(-c2ccccc2)cc1)C(=O)N1CCC[C@H]1C(N)=O,7.337242168,CHEMBL5185388
CC(=O)N[C@@H](COCc1ccccc1)C(=O)N[C@H](CCc1ccccc1)C(=O)N[C@H](Cc1cccc(Cl)c1)C(=O)NO,7.326058001,CHEMBL4763004
COc1ccc(S(=O)(=O)N2[C@H](C(=O)NO)C[C@@H]3CCN(C(=O)CCc4ccccc4)C[C@@H]32)cc1,7.301029996,CHEMBL5283653
CC(C)[C@H](NS(=O)(=O)c1ccc2c(c1)sc1ccc(NS(C)(=O)=O)cc12)C(=O)O,7.301029996,CHEMBL551655
CC(C)[C@@H](NS(=O)(=O)c1ccc2oc3cc(NS(=O)(=O)C(C)C)ccc3c2c1)C(=O)O,7.301029996,CHEMBL474397
CO[C@@H]1O[C@H](CN([C@@H](C(=O)O)C(C)C)S(=O)(=O)c2ccc(-c3ccccc3)cc2)[C@@H](O)[C@H](O)[C@H]1O,7.292429824,CHEMBL4290729
CC(C)C[C@H](NC(=O)[C@@H]1CCCN1C(=O)CC[C@@H](NS(=O)(=O)c1ccc(NC(=O)c2ccc(C(N)=O)cc2)cc1)C(=O)O)C(=O)N(C)[C@@H](CCC(=O)O)C(=O)NCCCCC(N)=O,7.283996656,CHEMBL5398498
CCCCCNC(=O)CC[C@H](NS(=O)(=O)c1ccc(-c2ccccc2)cc1)C(=O)O,7.281498311,CHEMBL3827162
O=C(CC[C@H](NS(=O)(=O)c1ccc(-c2ccccc2)cc1)C(=O)O)NCc1ccccc1,7.274088368,CHEMBL3827073
O=C(O)CC(O)CCc1ccc(-c2ccncc2)cc1,7.259637311,CHEMBL575534
CC(=O)c1ccc(-c2ccc(-c3csc(C(=O)NCCN4CCOCC4)c3)cc2)cc1,7.244125144,CHEMBL181878
O=C(NO)C1c2ccc(OCc3ccccc3)cc2CCN1S(=O)(=O)c1ccccc1,7.244125144,CHEMBL147881
COc1ccc(S(=O)(=O)N2CCc3cc(OCc4ccccc4)ccc3C2C(=O)NO)cc1,7.244125144,CHEMBL358539
CC(=O)N[C@@H](COCc1ccccc1)C(=O)N[C@H](CCc1ccccc1)C(=O)N[C@H](Cc1ccc(C(F)(F)F)cc1)C(=O)NO,7.243363892,CHEMBL4759199
CSc1ccc(-c2ccc(CCC(O)CC(=O)O)cc2)cc1,7.236572006,CHEMBL575320
CCN([C@@H](C(=O)O)C(C)C)S(=O)(=O)c1ccc(-c2nc(-c3ccc(C)s3)no2)cc1,7.236572006,CHEMBL5267731
CC(=O)c1ccc(-c2ccc(CCC(O)CC(=O)O)cc2)cc1,7.207608311,CHEMBL584559
O=C(CC[C@H](NS(=O)(=O)c1ccc(-c2ccccc2)cc1)C(=O)O)NCc1ccccc1Cl,7.200659451,CHEMBL3827243
COc1cc2c(cc1O)CCN(S(=O)(=O)c1ccccc1)C2C(=O)NO,7.187086643,CHEMBL148171
CO[C@@H]1O[C@H](CNC(=S)NCCN([C@@H](C(=O)O)C(C)C)S(=O)(=O)c2ccc(-c3ccccc3)cc2)[C@@H](O)[C@H](O)[C@H]1O,7.187086643,CHEMBL4279699
COc1ccc(S(=O)(=O)N2CC(=O)N(O)C(=O)[C@H]2C(C)C)cc1,7.180456064,CHEMBL1939844
Cc1ccc(COC(=O)NC(=O)c2cc(-c3ccc(-c4ccccc4)cc3)cs2)cc1,7.15490196,CHEMBL179177
Cc1ccc(COC(=O)NC(=O)c2cc(-c3ccc(-c4ccccc4O)cc3)cs2)cc1,7.15490196,CHEMBL180762
O=C(O)Cc1ccc(CNC(=O)c2cc(-c3ccc(-c4ccccc4)cc3)cs2)cc1,7.15490196,CHEMBL1782664
C[C@]1(CNC(=O)COc2ccc(Cl)cc2)NC(=O)NC1=O,7.15490196,CHEMBL3358151
CC(C)[C@H](NS(=O)(=O)c1ccc2c(c1)oc1ccc(NS(=O)(=O)CC(F)(F)F)cc12)C(=O)O,7.15490196,CHEMBL475619
COc1ccc(-c2ccc(S(=O)(=O)c3ccccc3C(=O)NO)cc2)cc1,7.15490196,CHEMBL573934
CC(C)(Cc1ccc(C(F)(F)F)cc1)C(=O)NC[C@@]1(C2CC2)NC(=O)NC1=O,7.148741651,CHEMBL3972836
CCCCNC(=O)CC[C@H](NS(=O)(=O)c1ccc(-c2ccccc2)cc1)C(=O)O,7.148619332,CHEMBL3827250
Cc1ccc(S(=O)(=O)N2CCc3cc(OCc4ccccc4)ccc3C2C(=O)NO)cc1,7.142667504,CHEMBL146718
O=C(CC[C@H](NS(=O)(=O)c1ccc(-c2ccccc2)cc1)C(=O)O)NC1CCCCC1,7.135488919,CHEMBL3827615
CC(=O)N[C@@H](COCc1ccccc1)C(=O)N[C@H](CCc1ccccc1)C(=O)N[C@H](Cc1ccc(F)c(F)c1F)C(=O)NO,7.119758224,CHEMBL4765190
CC[C@H](C)[C@@H](C(=O)NCCCCC(N)=O)N(C)C(=O)[C@H](CC(C)C)NC(=O)[C@@H]1CNCCN1C(=O)CC[C@@H](NS(=O)(=O)c1ccc(NC(=O)c2ccc(Cl)cc2)cc1)C(=O)O,7.107905397,CHEMBL5399181
CO[C@@H]1O[C@H](CN([C@@H](C(=O)O)C(C)C)S(=O)(=O)c2ccc(-c3ccccc3)cc2)[C@@H](OC(C)=O)[C@H](OC(C)=O)[C@H]1NC(C)=O,7.080921908,CHEMBL4289657
O=C(CC[C@H](NS(=O)(=O)c1ccc(-c2ccccc2)cc1)C(=O)O)NCc1ccc(F)cc1,7.075720714,CHEMBL3828226
CO[C@@H]1O[C@H](CN([C@@H](C(=O)O)C(C)C)S(=O)(=O)c2ccc(-c3ccccc3)cc2)[C@@H](OC(C)=O)[C@H](OC(C)=O)[C@H]1OC(C)=O,7.075720714,CHEMBL4294130
NC(=O)C[C@@H](NC(=O)c1cc(-c2ccc(OC(F)(F)F)cc2)c(F)s1)c1ccccc1,7.070581074,CHEMBL1644428
N#Cc1ccc(-c2ccc(CCC(O)CC(=O)O)cc2)cc1,7.065501549,CHEMBL583588
CC(C)[C@@H](NS(=O)(=O)c1ccc2sc3ccccc3c2c1)C(=O)O,7.060480747,CHEMBL570310
CC(C)[C@H](NS(=O)(=O)c1ccc2c(c1)sc1cc(NC(=O)Nc3ccccc3)ccc12)C(=O)O,7.050609993,CHEMBL564510
O=C(O)Cc1ccc(CNC(=O)c2cc(-c3ccc(-c4ccccc4O)cc3)cs2)cc1,7.045757491,CHEMBL1782665
CNC(=O)[C@@H](NC(=O)C(CCc1ccccc1)CP(=O)(O)Cc1ccccc1)C(C)(C)C,7.030747893,CHEMBL78233
CCCCCCNC(=O)CC[C@H](NS(=O)(=O)c1ccc(-c2ccccc2)cc1)C(=O)O,7.017276612,CHEMBL3827453
CC(C)[C@H](C(=O)O)N(CCNC(=S)N[C@@H]1O[C@H](CO)[C@@H](O)[C@H](O)[C@H]1O)S(=O)(=O)c1ccc(-c2ccccc2)cc1,7.008773924,CHEMBL4283171
O=C(NCCN1CCOCC1)c1cc(-c2ccc(-c3ccncc3)cc2)cs1,7,CHEMBL182038
CC(C)[C@@H](NS(=O)(=O)c1ccc2oc3cc(NS(=O)(=O)c4ccccc4)ccc3c2c1)C(=O)O,7,CHEMBL473610
CCCCN([C@@H](C(=O)O)C(C)C)S(=O)(=O)c1ccc(-c2nc(-c3ccc(C)s3)no2)cc1,6.978810701,CHEMBL5396285
Cc1ccc(-c2noc(-c3ccc(S(=O)(=O)N(Cc4ccccc4)[C@@H](C(=O)O)C(C)C)cc3)n2)s1,6.946921557,CHEMBL5395662
CSCC[C@H](NC(=O)[C@H](CC(C)C)NC(=O)[C@H](C)NC(=O)[C@H](CC(=O)O)NC(=O)[C@H](CC(N)=O)NC(=O)CCNS(=O)(=O)c1ccc(-c2ccccc2)cc1)C(=O)N1CCC[C@H]1C(N)=O,6.943095149,CHEMBL5209314
CC[C@H](C)[C@@H](C(=O)N1CCC[C@H]1CC(N)=O)N(C)C(=O)[C@H](CC(C)C)NC(=O)[C@H](CCCN)NC(=O)[C@H](CC(=O)O)NC(=O)[C@H](CC(N)=O)NC(=O)CCCNS(=O)(=O)c1ccc(Oc2ccccc2)cc1,6.93930216,CHEMBL5209121
CC[C@H](C)[C@@H](C(=O)N1CCC[C@H]1CC(N)=O)N(C)C(=O)[C@H](CC(C)C)NC(=O)[C@H](CN)NC(=O)[C@H](CC(=O)O)NC(=O)[C@H](CC(N)=O)NC(=O)CCCNS(=O)(=O)c1ccc(Oc2ccccc2)cc1,6.896196279,CHEMBL5206852
CC(C)C[C@H](CC(=O)NO)C(=O)N[C@@H](Cc1ccccc1)C(=O)N[C@@H](CCCCNC(=O)c1ccc(F)cc1)C(N)=O,6.860120914,CHEMBL3355723
CC(=O)N[C@@H](Cc1ccc2ccccc2c1)C(=O)N[C@H](CCc1ccccc1)C(=O)N[C@H](Cc1ccccc1)C(=O)NO,6.859491957,CHEMBL4788689
O=C(NC[C@H]1CC[C@H](C(=O)O)CC1)c1cc(-c2ccc(OC(F)(F)F)cc2)c(F)s1,6.853871964,CHEMBL1644426
COc1ccc(-c2ccc(S(=O)(=O)c3ccccc3CC(=O)O)cc2)cc1,6.825300937,CHEMBL573936
CC[C@H](C)[C@@H](C(=O)NCCCCC(N)=O)N(C)C(=O)[C@H](CC(C)C)NC(=O)[C@@H]1C[C@H](N)CN1C(=O)CC[C@@H](NS(=O)(=O)c1ccc(NC(=O)c2ccc(C(N)=O)cc2)cc1)C(=O)O,6.795880017,CHEMBL5418885
CCCCCN([C@@H](C(=O)O)C(C)C)S(=O)(=O)c1ccc(-c2nc(-c3ccc(C)s3)no2)cc1,6.790484985,CHEMBL5406674
Cc1ccc(-c2noc(-c3ccc(S(=O)(=O)N(CCCC(F)(F)F)[C@@H](C(=O)O)C(C)C)cc3)n2)s1,6.785156152,CHEMBL5419103
O=C(NO)C1c2ccc(O)cc2CCN1S(=O)(=O)c1cc(Cl)ccc1Cl,6.769551079,CHEMBL424130
Cc1cc(=O)c(O)c(C(=O)NCc2ccc(-c3ccc(-c4ccccc4)cc3)cc2)o1,6.752026734,CHEMBL489603
CCCNC(=O)CC[C@H](NS(=O)(=O)c1ccc(-c2ccccc2)cc1)C(=O)O,6.750557039,CHEMBL3827306
CC[C@H](C)[C@@H](C(=O)NCCCCC(N)=O)N(C)C(=O)[C@H](CC(C)C)NC(=O)[C@H](CCN)NC(=O)CC[C@@H](NS(=O)(=O)c1ccc(NC(=O)c2ccc(Cl)cc2)cc1)C(=O)O,6.744727495,CHEMBL5396642
O=C(N[C@@H](C(=O)O)c1ccccc1)c1cc(-c2ccc(OC(F)(F)F)cc2)cs1,6.744727495,CHEMBL178652
O=C(O)CC(O)CCc1ccc(-c2cc3ccccc3o2)cc1,6.742321425,CHEMBL574444
CC(C)[C@H](NS(=O)(=O)c1ccc2c(c1)sc1cc(NC(=O)NCCc3cccs3)ccc12)C(=O)O,6.728158393,CHEMBL551187
Nc1ccc(S(=O)(=O)N2CCc3cc(O)ccc3C2C(=O)NO)cc1,6.718966633,CHEMBL148406
CCCCC[C@@H](C(=O)NCNC(=O)c1cc2cccc(OC)c2o1)[C@H](CC)N(O)C=O,6.698970004,CHEMBL4211663
O=C(O)C[C@@H](NC(=O)c1cc(-c2ccc(OC(F)(F)F)cc2)c(F)s1)c1ccccc1,6.698970004,CHEMBL1644427
CC[C@H](C)[C@@H](C(=O)N1CCC[C@H]1CC(N)=O)N(C)C(=O)[C@H](CC(C)C)NC(=O)[C@H](CCN)NC(=O)CC[C@@H](NS(=O)(=O)c1ccc(NC(=O)c2ccc(Cl)cc2)cc1)C(=O)O,6.698970004,CHEMBL5415277
CCCCCCC(CC(=O)O)C(=O)c1ccc(C#Cc2ccc(Cl)cc2)cc1,6.698970004,CHEMBL199666
CC[C@H](C)[C@@H](C(=O)NCCCC(N)=O)N(C)C(=O)[C@H](CC(C)C)NC(=O)[C@H](CCN)NC(=O)CC[C@@H](NS(=O)(=O)c1ccc(NC(=O)c2ccc(Cl)cc2)cc1)C(=O)O,6.638272164,CHEMBL5416701
CC[C@H](C)[C@@H](C(=O)NCCC(N)=O)N(C)C(=O)[C@H](CC(C)C)NC(=O)[C@H](CCN)NC(=O)CC[C@@H](NS(=O)(=O)c1ccc(NC(=O)c2ccc(Cl)cc2)cc1)C(=O)O,6.619788758,CHEMBL5404909
CC[C@H](C)[C@@H](C(=O)N1CCC[C@H]1CC(N)=O)N(C)C(=O)[C@H](CC(C)C)NC(=O)[C@H](CCN)NC(=O)CC[C@@H](NS(=O)(=O)c1ccc(-c2ccccc2)cc1)C(=O)O,6.619788758,CHEMBL5430533
O=C(CCCNC(=O)c1cccc(C(=O)NCCCC(=O)NCCC[C@@H](NS(=O)(=O)c2ccc(OCc3cc(Br)cc(Br)c3)cc2)C(=O)NO)c1)NCCC[C@@H](NS(=O)(=O)c1ccc(OCc2cc(Br)cc(Br)c2)cc1)C(=O)NO,6.616184634,CHEMBL5267938
CC(C)CNC(=O)CC[C@H](NS(=O)(=O)c1ccc(-c2ccccc2)cc1)C(=O)O,6.608006928,CHEMBL3827640
COc1ccc(-c2ccc(Sc3ccccc3CP(=O)(O)O)cc2)cc1,6.602059991,CHEMBL4206329
CC(C)C[C@H](NC(=O)[C@@H]1C[C@H](N)CN1C(=O)CC[C@@H](NS(=O)(=O)c1ccc(NC(=O)c2ccc(C(N)=O)cc2)cc1)C(=O)O)C(=O)N(C)[C@@H](CCC(=O)O)C(=O)NCCCCC(N)=O,6.602059991,CHEMBL5412341
Cc1nc2ccccc2n1Cc1ccc(C(=O)N[C@@H]2CN(C(=O)OC(C)(C)C)C[C@@H]2C(=O)NO)cc1,6.602059991,CHEMBL403186
CCNC(=O)Nc1ccc2c(c1)sc1cc(S(=O)(=O)N[C@H](C(=O)O)C(C)C)ccc12,6.585026652,CHEMBL551110
O=C(NCc1cccc(N2CCN(C(=O)Cc3n[nH]c(=O)[nH]3)CC2)c1)c1nc2ccccc2c(=O)[nH]1,6.585026652,CHEMBL3955430
CC[C@H](C)[C@@H](C(=O)NCCCCCC(N)=O)N(C)C(=O)[C@H](CC(C)C)NC(=O)[C@H](CCN)NC(=O)CC[C@@H](NS(=O)(=O)c1ccc(NC(=O)c2ccc(Cl)cc2)cc1)C(=O)O,6.585026652,CHEMBL5413121
O=C1NC(=O)[C@](CNC(=O)[C@@H](Cc2ccc(C(F)(F)F)cc2)C2CC2)(C2CC2)N1,6.570250721,CHEMBL3980860
O=C1NC(=O)C(c2ccccc2)N1,6.537602002,CHEMBL156406
O=C(O)CNS(=O)(=O)c1ccc(-c2ccccc2)cc1,6.537602002,CHEMBL1335679
O=C(CC[C@H](NS(=O)(=O)c1ccc(-c2ccccc2)cc1)C(=O)O)Nc1ccccc1,6.52900183,CHEMBL3827735
O=C(CC[C@H](NS(=O)(=O)c1ccc(-c2ccccc2)cc1)C(=O)O)NCCc1ccccc1,6.527828853,CHEMBL3828051
CC(C)[C@H](NS(=O)(=O)c1ccc2c(c1)oc1ccc(NS(=O)(=O)c3ccc(I)cc3)cc12)C(=O)O,6.527243551,CHEMBL4218681
O=C(NCc1cccc(OCCCS(=O)(=O)N2CCCCC2C(=O)O)c1)c1nc2ccccc2c(=O)[nH]1,6.522878745,CHEMBL3960062
COc1ccc(-c2ccc(S(=O)(=O)c3ccccc3C(C)C(=O)O)cc2)cc1,6.508638306,CHEMBL584147
O=C(O)CC(CC1CCCC1)C(=O)c1ccc(C#Cc2ccccc2)cc1,6.494850022,CHEMBL379247
COc1ccc(Oc2ccc(S(=O)(=O)c3ccccc3CC(=O)O)cc2)cc1,6.420216403,CHEMBL579067
CC(C)c1nc2ccccc2n1Cc1ccc(C(=O)N[C@@H]2CN(C(=O)OC(C)(C)C)C[C@@H]2C(=O)NO)cc1,6.408935393,CHEMBL447787
O=C(NC[C@H]1CC[C@H](C(=O)O)CC1)c1cc(-c2ccc(OC(F)(F)F)cc2)cs1,6.397940009,CHEMBL1644423
CC1CCC(OC(=O)NC(=O)c2cc(-c3ccc(OC(F)(F)F)cc3)cs2)CC1,6.397940009,CHEMBL181817
Cc1ccc(COC(=O)NC(=O)c2cc(-c3ccc(OC(F)(F)F)cc3)cs2)cc1,6.397940009,CHEMBL367148
O=C(NCCN1CCOCC1)c1cc(-c2ccc(-c3ccccc3)cc2)cs1,6.397940009,CHEMBL368013
O=C(O)Cc1ccccc1S(=O)(=O)c1ccc(-c2ccc(F)cc2)cc1,6.397940009,CHEMBL2326364
CCCCC[C@H](CN(O)C=O)C(=O)NCNC(=O)c1cc2cccc(OC)c2o1,6.397940009,CHEMBL4218334
CC[C@H](C)[C@@H](C(=O)N1CCC[C@H]1CC(N)=O)N(C)C(=O)[C@H](CC(C)C)NC(=O)[C@H](CCN)NC(=O)CC[C@@H](NS(=O)(=O)c1ccc(NC(=O)c2ccc(C(N)=O)cc2)cc1)C(=O)O,6.397940009,CHEMBL5432078
CC[C@H](C)[C@@H](C(=O)NCCCCC(N)=O)N(C)C(=O)[C@H](CC(C)C)NC(=O)[C@H](CCN)NC(=O)CC[C@@H](NS(=O)(=O)c1ccc(NC(=O)c2ccc(C(N)=O)cc2)cc1)C(=O)O,6.387216143,CHEMBL5418691
CC(C)ON([C@@H](C(=O)O)C(C)C)S(=O)(=O)c1ccc(-c2ccccc2)cc1,6.387216143,CHEMBL575881
O=C(NO)C1c2ccc(O)cc2CCN1S(=O)(=O)c1ccccc1,6.375717904,CHEMBL146289
CCCCCCC(CC(=O)O)C(=O)c1ccc(C#Cc2ccccc2)cc1,6.346787486,CHEMBL201298
O=C(NCCN1CCOCC1)c1cc(-c2ccc(C3CCCCC3)cc2)cs1,6.337242168,CHEMBL180875
O=C(CC[C@H](NS(=O)(=O)c1ccc(-c2ccccc2)cc1)C(=O)O)NCc1cc(C(F)(F)F)cc(C(F)(F)F)c1,6.335358024,CHEMBL3827680
NCCNS(=O)(=O)c1ccc(-c2ccc(CSc3nc4c(c(=O)[nH]3)CCC4)cc2)cc1,6.330683119,CHEMBL4081997
CCC(CC(=O)O)C(=O)c1ccc(C#Cc2ccccc2)cc1,6.318758763,CHEMBL202875
CC(C)C[C@H](NC(=O)[C@H](CCN)NC(=O)[C@H](CC(=O)O)NC(=O)[C@H](CC(N)=O)NC(=O)CCCNS(=O)(=O)c1ccc(Oc2ccccc2)cc1)C(=O)N(C)[C@@H](CCC(=O)O)C(=O)N1CCC[C@H]1CC(N)=O,6.308034897,CHEMBL5185612
O=C(NO)[C@@H]1CS(=O)(=O)CN1S(=O)(=O)c1ccc(-c2ccccc2)cc1,6.301029996,CHEMBL1957605
O=C(O)Cc1ccccc1S(=O)(=O)c1ccc(-c2ccc(NC(=O)CF)cc2)cc1,6.301029996,CHEMBL2326365
CC(C)[C@H](NS(=O)(=O)c1ccc2c(c1)oc1ccc(NC(=O)c3ccc(I)cc3)cc12)C(=O)O,6.299296283,CHEMBL4214104
COc1ccc(-c2ccc(S(=O)(=O)c3ccccc3C(CCC(=O)O)C(=O)O)cc2)cc1,6.292429824,CHEMBL4213983
O=C(O)CC(O)CCc1ccc(-c2ccccc2)cc1,6.284963549,CHEMBL572982
CCCCCCN([C@@H](C(=O)O)C(C)C)S(=O)(=O)c1ccc(-c2nc(-c3ccc(C)s3)no2)cc1,6.278189385,CHEMBL5420372
CSc1nc2ccccc2n1Cc1ccc(C(=O)N[C@@H]2CN(C(=O)OC(C)(C)C)C[C@@H]2C(=O)NO)cc1,6.26760624,CHEMBL402436
CCOCCC1(Oc2ccc(-c3cccc(CNC(=O)c4nc5ccccc5c(=O)[nH]4)c3)cc2)C(=O)NC(=O)NC1=O,6.26760624,CHEMBL3926071
CC[C@H](C)[C@@H](C(=O)N1CCC[C@H]1CC(N)=O)N(C)C(=O)[C@H](CC(C)C)NC(=O)[C@H](CCN)NC(=O)[C@H](CC(=O)O)NC(=O)[C@H](CC(N)=O)NC(=O)CCCNS(=O)(=O)c1ccc(Oc2ccccc2)cc1,6.266802735,CHEMBL5203492
CN1CC2(CC2)C[C@H](C(=O)NO)[C@H]1C(=O)N1CCN(c2ccc(C(F)(F)F)cn2)CC1,6.248720896,CHEMBL497985
O=C(NO)c1ccccc1S(=O)(=O)c1ccc(-c2ccccc2)cc1,6.229147988,CHEMBL574589
O=C(O)CC(Cc1ccccc1)C(=O)c1ccc(C#Cc2ccccc2)cc1,6.22184875,CHEMBL201206
COc1ccc(-c2ccc(S(=O)(=O)c3ccccc3CP(=O)(O)O)cc2)cc1,6.22184875,CHEMBL4218036
Cc1c(C(=O)O)ccc2c1CC[C@@H]2NC(=O)c1cc(C(=O)NCc2ccc3c(c2)NC(=O)CO3)nc2ccnn12,6.1837587,CHEMBL2047536
COC(=O)[C@@H](Cc1ccc(O)c(O)c1)OC(=O)/C=C/c1ccc(O)c2c1[C@H](C(=O)OC)[C@@H](c1ccc(O)c(O)c1)O2,6.173925197,CHEMBL2048505
CSCC[C@H](NC(=O)[C@H](CC(C)C)NC(=O)[C@H](C)NC(=O)[C@H](CC(=O)O)NC(=O)[C@H](CC(N)=O)NC(=O)CNS(=O)(=O)c1ccc(Oc2ccccc2)cc1)C(=O)N1CCC[C@H]1C(N)=O,6.038104526,CHEMBL5170510
COc1ccc(Oc2ccc(S(=O)(=O)c3ccccc3C(=O)NO)cc2)cc1,6.036212173,CHEMBL584122
Cc1cc(COc2ccc(S(=O)(=O)N3CCN(C(=O)C(C)(C)C)C(C(=O)NO)C3)cc2)c2c(n1)CCCC2,6.031517051,CHEMBL4102106
O=C(NO)C1c2ccc(OCc3ccccc3)cc2CCN1S(=O)(=O)c1cc(Cl)ccc1Cl,6.031050319,CHEMBL147604
CC(C)C[C@H](NC(=O)[C@H](CCN)NC(=O)[C@H](CC(=O)O)NC(=O)[C@H](CC(N)=O)NC(=O)CCCCNC(=O)c1ccc(Oc2ccc(C(N)=O)cc2)cc1)C(=O)N(C)[C@@H](CCC(=O)O)C(=O)N1CCC[C@H]1CC(N)=O,6.012333735,CHEMBL5207094
O=c1cc(-c2ccc(O)c(O)c2)oc2cc(O)cc(O)c12,6.008773924,CHEMBL151
CC[C@H](C)[C@@H](C(=O)N1CCC[C@H]1CC(N)=O)N(C)C(=O)[C@H](CC(C)C)NC(=O)[C@H](CCN)NC(=O)CC[C@@H](NS(=O)(=O)c1ccc(NC(=O)c2ccccc2)cc1)C(=O)O,6.004364805,CHEMBL5435794
COC(=O)Nc1cc2oc3ccc(S(=O)(=O)N[C@@H](C(=O)O)C(C)C)cc3c2cc1Br,5.978810701,CHEMBL450549
O=C(O)CC(Cc1ccc(F)cc1)C(=O)c1ccc(C#Cc2ccccc2)cc1,5.943095149,CHEMBL377700
O=C(O)CC(O)CCc1ccc(-c2ccc3c(c2)Cc2ccccc2-3)cc1,5.93930216,CHEMBL566512
COC(=O)C1(O)CC(OC(=O)/C=C/c2ccc(O)c(O)c2)C(O)C(OC(=O)/C=C/c2ccc(O)c(O)c2)C1,5.920818754,CHEMBL2048502
O=C(NO)c1ccccc1S(=O)(=O)c1ccc(Oc2ccccc2)cc1,5.920818754,CHEMBL575896
Nc1nc2c(-c3[nH]c(Br)c(Br)c3Br)nccc2[nH]1,5.906578315,CHEMBL578176
CCC[C@H](CN(O)C=O)C(=O)NCNC(=O)c1cc2cccc(OC)c2o1,5.903089987,CHEMBL4211285
CC(C)(C)[C@H](NC(=O)[C@H](Cc1ccncc1)NC(=O)CNC(=O)CC[C@H](NS(=O)(=O)c1ccc(Cl)c(C(F)(F)F)c1)C(=O)O)C(=O)N1CCC[C@H]1CC(N)=O,5.886056648,CHEMBL5417105
CC(C)[C@H](C(=O)O)N([C@@H]1O[C@H](CO)[C@@H](O)[C@H](O)[C@H]1O)S(=O)(=O)c1ccc(-c2ccccc2)cc1,5.886056648,CHEMBL4278980
CC(C)C[C@H](NC(=O)[C@H](CCN)NC(=O)[C@H](CC(=O)O)NC(=O)[C@H](CCC(=O)O)NC(=O)CCCCNC(=O)c1ccc(Oc2ccc(C(N)=O)cc2)cc1)C(=O)N(C)[C@@H](CCC(=O)O)C(=O)N1CCC[C@H]1CC(N)=O,5.864231485,CHEMBL5169565
O=C(O)Cc1ccccc1S(=O)(=O)c1ccc(-c2ccccc2)cc1,5.823908741,CHEMBL573935
CCCc1ccc2c(c1)NC(=O)C21NN=C(c2ccc(OC)cc2)S1,5.769551079,CHEMBL236523
COc1ccc(-c2csc(C(=O)NCCN3CCOCC3)c2)cc1,5.762164406,CHEMBL181682
O=C1c2c(O)cc(O)cc2O[C@H](c2cc(O)c(O)c(O)c2)[C@@H]1O,5.759450752,CHEMBL2048508
CCCCOC(=O)[C@H]1c2c(/C=C/C(=O)O[C@H](Cc3ccc(O)c(O)c3)C(=O)O)ccc(O)c2O[C@@H]1c1ccc(O)c(O)c1,5.747146969,CHEMBL2048506
CNC(=O)[C@@H](NC(=O)c1ccc(-c2ccc(CSc3nc4c(c(=O)[nH]3)CCC4)c(F)c2)o1)C(C)C,5.744727495,CHEMBL4080520
CC(C(=O)O)c1ccccc1S(=O)(=O)c1ccc(-c2ccccc2)cc1,5.721246399,CHEMBL579068
Nc1nc2c(-c3cc(Br)c(Cl)[nH]3)nccc2[nH]1,5.694648631,CHEMBL569132
CC(C)C[C@H](NC(=O)[C@H](CCN)NC(=O)[C@H](CC(=O)O)NC(=O)[C@H](CC(N)=O)NC(=O)CCCCCNC(=O)c1ccc(Oc2ccc(C(N)=O)cc2)cc1)C(=O)N(C)[C@@H](CCC(=O)O)C(=O)N1CCC[C@H]1CC(N)=O,5.694218849,CHEMBL5206743
CC(C)[C@H](NS(=O)(=O)c1ccc2sc3cc(NS(C)(=O)=O)ccc3c2c1)C(=O)O,5.677780705,CHEMBL552377
COc1ccc(C[C@@H](OC(=O)/C=C/c2ccc(OCc3ccccc3)c(OCc3ccccc3)c2)C(=O)O)cc1OC,5.677780705,CHEMBL2333287
COc1ccc(-c2ccc(Sc3ccccc3CC(=O)NS(=O)(=O)C(F)(F)F)cc2)cc1,5.677780705,CHEMBL4212208
O=C(O)CS(=O)(=O)CCc1ccc(-c2ccccc2)cc1,5.603800653,CHEMBL566511
Cc1noc(C)c1S(=O)(=O)Nc1ccc2c(c1)oc1ccc(S(=O)(=O)N[C@@H](C(=O)O)C(C)C)cc12,5.602059991,CHEMBL474398
COC(=O)[C@@H](Cc1ccc(O)c(O)c1)OC(=O)/C=C/c1ccc(O)c(O)c1,5.560667306,CHEMBL241405
COC(=O)Nc1ccc2c(c1)sc1ccc(S(=O)(=O)N[C@@H](C(=O)O)C(C)C)cc12,5.537602002,CHEMBL561310
CC(C)C[C@H](NC(=O)CNC(=O)CC[C@H](NS(=O)(=O)c1ccc(Cl)c(C(F)(F)F)c1)C(=O)O)C(=O)N[C@H](C(=O)N1CCC[C@H]1CC(N)=O)C(C)C,5.537602002,CHEMBL5204457
CC(C)C[C@H](NC(=O)CNC(=O)CC[C@H](NS(=O)(=O)c1ccc(Cl)c(C(F)(F)F)c1)C(=O)O)C(=O)N[C@H](C(=O)N1CCC[C@H]1CC(N)=O)C(C)(C)C,5.537602002,CHEMBL5402198
Nc1nc2c(-c3[nH]c(Br)c(CCc4ccccc4)c3Br)nccc2[nH]1,5.524328812,CHEMBL572241
COc1ccc(-c2ccc(Sc3ccccc3CC(=O)NS(C)(=O)=O)cc2)cc1,5.48148606,CHEMBL4207046
CC(C)[C@H](Cc1ccc(C(F)(F)F)cc1)C(=O)NC[C@@]1(C2CC2)NC(=O)NC1=O,5.470768007,CHEMBL3955404
N#Cc1cccc(-c2ccc(CCC(O)CC(=O)O)cc2)c1,5.469800302,CHEMBL574666
COc1ccc(-c2ccc(S(=O)(=O)c3ccccc3CC(=O)NS(C)(=O)=O)cc2)cc1,5.455931956,CHEMBL4213651
COC(CCc1ccc(-c2ccccc2)cc1)CC(=O)O,5.452225295,CHEMBL583771
O=C(NC[C@H]1CC[C@H](C(=O)O)CC1)c1cc(-c2ccc(OC(F)(F)F)cc2)ns1,5.443697499,CHEMBL1644424
CCCCCCCCN([C@@H](C(=O)O)C(C)C)S(=O)(=O)c1ccc(-c2nc(-c3ccc(C)s3)no2)cc1,5.443697499,CHEMBL5405287
Nc1nc2ccnc(-c3cc(Br)c(Br)[nH]3)c2[nH]1,5.436518915,CHEMBL230806
O=C(O)CC(O)CCc1ccc(-c2ccc(OCc3ccccc3)cc2)cc1,5.425968732,CHEMBL572926
CC(C)C[C@H](NC(=O)[C@H](CCN)NC(=O)[C@H](CC(=O)O)NC(=O)[C@H](CC(N)=O)NC(=O)CCCNC(=O)c1ccc(Oc2ccc(C(N)=O)cc2)cc1)C(=O)N(C)[C@@H](CCC(=O)O)C(=O)N1CCC[C@H]1CC(N)=O,5.406492411,CHEMBL5190160
COc1cccc2cc(C(=O)NCNC(=O)[C@H](Cc3ccccc3)CN(O)C=O)oc12,5.397940009,CHEMBL4218229
CSCC[C@H](NC(=O)[C@H](CC(C)C)NC(=O)[C@H](C)NC(=O)[C@H](CC(=O)O)NC(=O)[C@H](CC(N)=O)NC(=O)CNS(=O)(=O)c1ccc(-c2ccccc2)cc1)C(=O)N1CCC[C@H]1C(N)=O,5.37934352,CHEMBL5190913
CC[C@H](C)[C@H](N)C(=O)N[C@@H](CO)C(=O)N[C@@H](Cc1ccc(O)cc1)C(=O)NCC(=O)N[C@@H](CC(N)=O)C(=O)N[C@@H](CC(=O)O)C(=O)N[C@@H](C)C(=O)NCC(=O)N[C@@H](CCSC)C(=O)N1CCC[C@H]1C(=O)O,5.354970935,CHEMBL5206640
CC(C)C[C@H](NC(=O)[C@H](CCN)NC(=O)[C@H](CC(=O)O)NC(=O)[C@H](CC(N)=O)NC(=O)CCNC(=O)c1ccc(Oc2ccc(C(N)=O)cc2)cc1)C(=O)N(C)[C@@H](CCC(=O)O)C(=O)N1CCC[C@H]1CC(N)=O,5.352128235,CHEMBL5177058
CC(C)C[C@H](NC(=O)[C@H](CCN)NC(=O)[C@H](CC(=O)O)NC(=O)[C@H](CC(N)=O)NC(=O)CCCNC(=O)c1ccc(Oc2ccc(F)cc2)cc1)C(=O)N(C)[C@@H](CCC(=O)O)C(=O)N1CCC[C@H]1CC(N)=O,5.348915911,CHEMBL5178802
COC(=O)[C@@H]1CCCN1C(=O)[C@@H](Cc1ccccc1)N(C)C(=O)[C@H](C)NC(=O)[C@@H](NC(=O)C[C@H](O)[C@H](CC(C)C)NC(=O)[C@H](CC(N)=O)NC(=O)[C@H](CC(C)C)NC(=O)[C@H](OC(=O)[C@@H](OC(=O)[C@H](C(C)C)N(C)C)C(C)C)C(C)C)[C@@H](C)O,5.301029996,CHEMBL567893
Nc1nc2c(-c3cc(Cl)c(Cl)[nH]3)nccc2[nH]1,5.299296283,CHEMBL571072
Cc1c(Br)[nH]c(-c2nccc3[nH]c(N)nc23)c1Br,5.299296283,CHEMBL576710
CC(C)C[C@H](NC(=O)[C@H](CCN)NC(=O)[C@H](CC(=O)O)NC(=O)[C@H](CC(N)=O)NC(=O)CCCNC(=O)c1ccc(Oc2ccccc2)cc1)C(=O)N(C)[C@@H](CCC(=O)O)C(=O)N1CCC[C@H]1CC(N)=O,5.286257522,CHEMBL5207603
COc1ccc(C2=NNC3(S2)C(=O)N(Cc2ccccc2)c2ccccc23)cc1,5.251811973,CHEMBL237149
O=C1c2c(O)cc(O)cc2O[C@H](c2ccc(O)c(O)c2)[C@H]1O,5.240332155,CHEMBL66
O=C1NC(=O)[C@@H](CCC(=O)N2CCN(c3cc(Cl)cc(Cl)c3)CC2)N1,5.216096421,CHEMBL4873384
Cc1ccc(Cl)cc1N1CCN(C(=O)CCC2(C3CC3)NC(=O)NC2=O)CC1,5.169026603,CHEMBL4854306
CC(C)(Cc1ccc(F)cc1)NC(=O)[C@H](CCC(=O)O)NC(=O)c1ccc(-c2ccccc2)cc1,5.15490196,CHEMBL4859268
COc1ccc(-c2ccc(S(=O)(=O)c3ccccc3CC(=O)NS(=O)(=O)C(F)(F)F)cc2)cc1,5.124938737,CHEMBL4216008
CCC(CC(=O)O)C(=O)c1ccc(C#CCOCc2ccccc2)cc1,5.121478204,CHEMBL203139
COc1ccc(S(=O)(=O)N2CCc3cc(O)ccc3C2C(=O)NO)cc1,5.114130139,CHEMBL356124
O=C(O)CC(=O)CCc1ccc(-c2ccccc2)cc1,5.105683937,CHEMBL572979
CN1CCC(NC(=O)c2ccc(Oc3ccc(C#C[C@]4(O)CN5CCC4CC5)cc3)cc2)CC1,5.100000128,CHEMBL1940308
O=C(N[C@@H]1CCOC[C@@H]1C(=O)NO)c1ccc(Cn2c(C(F)(F)F)nc3ccccc32)cc1,5.096910013,CHEMBL253275
C[C@@H]1O[C@@H](O[C@@H]2[C@@H](O)[C@H](OCCc3ccc(O)c(O)c3)O[C@H](COC(=O)/C=C/c3ccc(O)c(O)c3)[C@H]2O)[C@H](O)[C@H](O)[C@H]1O,5.085128182,CHEMBL504873
CN(C)CCN(C)[C@H]1COc2ccccc2-c2c(C3CCCCC3)c3ccc(C(=O)O)cc3n2C1,5.080921908,CHEMBL1233524
CC(=O)N[C@@H]1[C@@H](O)[C@H](O)[C@@H](CO)O[C@H]1N([C@@H](C(=O)O)C(C)C)S(=O)(=O)c1ccc(-c2ccccc2)cc1,5.036212173,CHEMBL4293047
O=C(NCc1cccc(-c2ccc(CS(=O)(=O)Cc3n[nH]c(=O)[nH]3)cc2)c1)c1nc2ccccc2c(=O)[nH]1,5.022276395,CHEMBL3978380
CC(=O)OC[C@H]1O[C@@H](N([C@@H](C(=O)O)C(C)C)S(=O)(=O)c2ccc(-c3ccccc3)cc2)[C@H](OC(C)=O)[C@@H](OC(C)=O)[C@@H]1OC(C)=O,5.017728767,CHEMBL4282436
CNC(=O)[C@@H](NC(=O)[C@H](CC(C)C)[C@H](O)C(=O)NO)C(C)(C)C,5,CHEMBL279785
CCCCC[C@@H](C(=O)NCNC(=O)c1ccc(-c2ccccc2)o1)[C@@H](CC)N(O)C=O,5,CHEMBL4207308
Nc1nc2c(-c3cc(CCc4ccccc4)c(Br)[nH]3)nccc2[nH]1,4.991399828,CHEMBL571136
O=c1c(O)c(-c2ccc(O)c(O)c2)oc2cc(O)cc(O)c12,4.990124366,CHEMBL50
CNc1nc2c(-c3cc(Br)c(Br)[nH]3)nccc2[nH]1,4.982966661,CHEMBL395712
O=C(O)CSCCc1ccc(-c2ccccc2)cc1,4.928117993,CHEMBL572980
CC(C)C[C@H](NC(=O)CNC(=O)CC[C@H](NS(=O)(=O)c1ccc(Cl)c(C(F)(F)F)c1)C(=O)O)C(=O)N[C@H](C(=O)N[C@@H](C)C(N)=O)C(C)C,4.920818754,CHEMBL5183142
CCCCCCCCC#Cc1ccc(C(=O)CCC(=O)O)cc1,4.903785415,CHEMBL373275
CC(C)C[C@H](NC(=O)[C@@H]1CCCN1C(=O)OCc1ccccc1)C(=O)N(CC(=O)O)S(=O)(=O)c1ccc(-c2ccccc2)cc1,4.886056648,CHEMBL2205659
COc1ccc(S(=O)(=O)c2ccccc2C(=O)NO)cc1,4.853871964,CHEMBL575895
O=C(OCc1cccc(F)c1)c1cccc(=O)[nH]1,4.795880017,CHEMBL398892
O=C(OCc1cc(F)ccc1F)c1cccc(S)n1,4.769551079,CHEMBL400449
Nc1nc2c(-c3cc(-c4ccccc4)c(Br)[nH]3)nccc2[nH]1,4.728158393,CHEMBL571362
O=C(O)CC(O)CCc1ccc(-c2ccc(Oc3ccccc3)cc2)cc1,4.701146924,CHEMBL575947
O=C(OCc1cc(F)cc(F)c1)c1cccc(=O)[nH]1,4.698970004,CHEMBL399684
CSCC[C@H](NC(=O)[C@H](CC(C)C)NC(=O)CNC(=O)CC[C@H](NS(=O)(=O)c1ccc(Cl)c(C(F)(F)F)c1)C(=O)O)C(N)=O,4.698970004,CHEMBL5202455
O=C(O)CC(O)CCc1ccc(-c2ccc3c(c2)oc2ccccc23)cc1,4.696803943,CHEMBL575946
O=C(O)CCC(=O)c1ccc(C#CCO)cc1,4.60747891,CHEMBL203199
O=C(O)CCC(=O)c1ccc(C#CCOCc2ccccc2)cc1,4.589391457,CHEMBL199314
CC(C)C[C@H](NC(=O)CNC(=O)CC[C@H](NS(=O)(=O)c1ccc(Cl)c(C(F)(F)F)c1)C(=O)O)C(=O)N[C@H](C(N)=O)C(C)C,4.552841969,CHEMBL5192674
O=C(NC[C@H]1CC[C@H](C(=O)O)CC1)c1cc(-c2ccc(OC(F)(F)F)cc2)sn1,4.508638306,CHEMBL1644425
O=C(OCc1cccc(Br)c1)c1cccc(=O)[nH]1,4.508638306,CHEMBL254240
O=C(OCc1c(F)cc(F)cc1F)c1cccc(=O)[nH]1,4.508638306,CHEMBL253605
CC(=O)N[C@@H]1[C@@H](OC(C)=O)[C@H](OC(C)=O)[C@@H](COC(C)=O)O[C@H]1N([C@@H](C(=O)O)C(C)C)S(=O)(=O)c1ccc(-c2ccccc2)cc1,4.397940009,CHEMBL4277909
CSCC[C@H](NC(=O)[C@H](CC(C)C)NC(=O)[C@H](C)NC(=O)CC[C@H](NS(=O)(=O)c1ccc(Cl)c(C(F)(F)F)c1)C(=O)O)C(N)=O,4.397940009,CHEMBL5188110
Brc1cc(-c2nccc3[nH]cnc23)[nH]c1Br,4.360513511,CHEMBL394363
O=C(OCc1ccccc1Br)c1cccc(=O)[nH]1,4.356547324,CHEMBL254239
O=C(OCc1cccc(Cl)c1)c1cccc(=O)[nH]1,4.337242168,CHEMBL253823
O=C(OCc1ccc(Cl)cc1)c1cccc(=O)[nH]1,4.327902142,CHEMBL254238
CC(C)C[C@H](NC(=O)CNS(=O)(=O)c1ccc(-c2ccccc2)cc1)C(=O)N[C@@H](CCC(=O)O)C(=O)N[C@@H](CCC(=O)O)C(=O)N[C@@H](C)C(N)=O,4.318758763,CHEMBL2205661
O=C(OC1CCC1)c1cccc(=O)[nH]1,4.292429824,CHEMBL251937
O=C(OCc1cccc(-c2ccccc2)c1)c1cccc(S)n1,4.283996656,CHEMBL251426
CC(=O)OC(CCc1ccc(-c2ccccc2)cc1)CC(=O)O,4.2644011,CHEMBL574445
O=C(OCc1cc(F)c(F)cc1F)c1cccc(=O)[nH]1,4.251811973,CHEMBL398450
Cn1c(N)nc2c(-c3cc(Br)c(Br)[nH]3)nccc21,4.244887734,CHEMBL394362
O=C(OCc1c(F)cccc1F)c1cccc(=O)[nH]1,4.22184875,CHEMBL253375
C(=C/c1ccccc1)\Cn1cc(C2=NCCO2)nn1,4.214670165,CHEMBL249249
O=C(Oc1ccsc1)c1cccc(=O)[nH]1,4.207608311,CHEMBL398838
O=C(OCc1c(F)c(F)c(F)c(F)c1F)c1cccc(=O)[nH]1,4.200659451,CHEMBL253820
O=C(OCc1ccc(C(F)(F)F)cc1)c1cccc(=O)[nH]1,4.193820026,CHEMBL1162966
O=C(OCc1ccc(F)cc1)c1cccc(=O)[nH]1,4.187086643,CHEMBL253374
O=C(Oc1cccs1)c1cccc(=O)[nH]1,4.187086643,CHEMBL254039
CC(C)=CCOC(=O)c1cccc(=O)[nH]1,4.173925197,CHEMBL254627
CC(C)OC(=O)c1cccc(=O)[nH]1,4.173925197,CHEMBL445939
O=C(OCc1ccccc1Cl)c1cccc(=O)[nH]1,4.167491087,CHEMBL399685
O=C(OCCc1ccccc1)c1cccc(=O)[nH]1,4.167491087,CHEMBL255051
O=C(OCc1ccccc1F)c1cccc(=O)[nH]1,4.167491087,CHEMBL253373
CCCCCOC(=O)c1cccc(=O)[nH]1,4.167491087,CHEMBL252326
Cc1ccc(COC(=O)c2cccc(=O)[nH]2)cc1,4.161150909,CHEMBL253801
O=C(OCc1ccccc1)c1cccc(=O)[nH]1,4.161150909,CHEMBL399070
COc1cccc(COC(=O)c2cccc(=O)[nH]2)c1,4.161150909,CHEMBL252965
O=C(OC/C=C/c1ccccc1)c1cccc(=O)[nH]1,4.15490196,CHEMBL254657
Cc1cccc(COC(=O)c2cccc(S)n2)c1,4.15490196,CHEMBL254403
CC#CCOC(=O)c1cccc(=O)[nH]1,4.148741651,CHEMBL254837
O=C(OC1CCCCC1)c1cccc(=O)[nH]1,4.148741651,CHEMBL254838
O=C(OCc1cccc(Oc2ccccc2)c1)c1cccc(S)n1,4.148741651,CHEMBL250069
O=C(Oc1ccco1)c1cccc(=O)[nH]1,4.119186408,CHEMBL254821
O=C(OCCCCOc1ccccc1)c1cccc(S)n1,4.107905397,CHEMBL254610
COc1cccc(COC(=O)c2cccc(S)n2)c1,4.107905397,CHEMBL254406
O=C(OCCOc1ccccc1)c1cccc(=O)[nH]1,4.102372909,CHEMBL438519
Cc1ccc(COC(=O)c2cccc(S)n2)cc1,4.091514981,CHEMBL254404
O=C(OCc1ccccc1)c1cccc(S)n1,4.086186148,CHEMBL402720
O=C(OCc1cccc(C(F)(F)F)c1)c1cccc(=O)[nH]1,4.086186148,CHEMBL254006
O=C(OCCCCOc1ccccc1)c1cccc(=O)[nH]1,4.086186148,CHEMBL253372
O=C(OCCCc1ccccc1)c1cccc(S)n1,4.070581074,CHEMBL252523
O=C(OC1CCCCC1)c1cccc(S)n1,4.060480747,CHEMBL442286
COc1ccc(S(=O)(=O)c2ccccc2CC(=O)O)cc1,4.050609993,CHEMBL585376
O=C(Oc1ccsc1)c1cccc(S)n1,4.031517051,CHEMBL399999
O=C(OCc1ccc(C(F)(F)F)cc1)c1cccc(S)n1,4.026872146,CHEMBL398662
COc1ccc(COC(=O)c2cccc(S)n2)cc1,4.017728767,CHEMBL399908
O=C(Oc1ccc2ccccc2c1)c1cccc(=O)[nH]1,4.013228266,CHEMBL253188
O=C(OCc1cccc(-c2ccccc2)c1)c1cccc(=O)[nH]1,4.004364805,CHEMBL253835
O=C(OCc1cc(F)ccc1F)c1cccc(=O)[nH]1,4,CHEMBL399304
O=C(Oc1ccc2ccccc2c1)c1cccc(S)n1,3.995678626,CHEMBL251424
O=C(OCc1ccc2c(c1)OCO2)c1cccc(=O)[nH]1,3.978810701,CHEMBL253189
COc1ccc(COC(=O)c2cccc(=O)[nH]2)cc1,3.978810701,CHEMBL253172
O=C(OCc1ccc(Br)cc1)c1cccc(=O)[nH]1,3.978810701,CHEMBL254448
CCCCCCOC(=O)c1cccc(S)n1,3.978810701,CHEMBL249859
O=C(OCc1cc(F)c(F)cc1F)c1cccc(S)n1,3.974694135,CHEMBL250059
O=C(OCc1ccc(Oc2ccccc2)cc1)c1cccc(S)n1,3.962573502,CHEMBL250070
O=C(Oc1cccc2ccccc12)c1cccc(=O)[nH]1,3.954677021,CHEMBL399504
O=C(OCc1ccc(F)cc1)c1cccc(S)n1,3.950781977,CHEMBL250057
O=C(OCc1ccc(Cl)cc1)c1cccc(S)n1,3.93930216,CHEMBL251081
O=C(OCCc1ccccc1)c1cccc(S)n1,3.931814138,CHEMBL252522
O=C(OCc1cccc(Oc2ccccc2)c1)c1cccc(=O)[nH]1,3.928117993,CHEMBL254038
O=P(O)(O)C(Cl)(Cl)P(=O)(O)O,3.91721463,CHEMBL12318
O=C(OCc1c(F)cccc1F)c1cccc(S)n1,3.896196279,CHEMBL250058
O=C(OCc1cccc(C(F)(F)F)c1)c1cccc(S)n1,3.872895202,CHEMBL254405
O=C(OCc1ccc(-c2ccccc2)cc1)c1cccc(S)n1,3.869666232,CHEMBL251425
CC(C)OC(=O)c1cccc(S)n1,3.835647144,CHEMBL404205
O=C(OCc1cccc(F)c1)c1cccc(S)n1,3.821023053,CHEMBL254611
COc1ccc(-c2ccc(Sc3ccccc3C(=O)CS(C)(=O)=O)cc2)cc1,3.638272164,CHEMBL4202548
Cc1ccc2c(c1)NC(=O)CO2,3.449771647,CHEMBL485691
Cn1cc2c(n1)-c1cc(Cl)ccc1SC2,3,CHEMBL503690
COc1ccc2nc[nH]c2c1,2.698970004,CHEMBL449325
Cc1nc(-c2ccc3c(c2)CCC(=O)N3)cs1,2.301029996,CHEMBL485690
O=C(NO)C1c2ccc(O)cc2CCN1S(=O)(=O)c1ccc([N+](=O)[O-])cc1,7.229147988,CHEMBL147489
Cc1ccc(-c2noc(-c3ccc(S(=O)(=O)N(CCOCOCCCOCCN=[N+]=[N-])[C@@H](C(=O)O)C(C)C)cc3)n2)s1,6.739928612,CHEMBL5430097
O=C(NO)[C@@H]1C[S+]([O-])CN1S(=O)(=O)c1ccc(-c2ccccc2)cc1,5.602059991,CHEMBL1957604
Cc1ccc(-c2noc(-c3ccc(S(=O)(=O)N(CCCCCCCCCCCCN=[N+]=[N-])[C@@H](C(=O)O)C(C)C)cc3)n2)s1,5.397940009,CHEMBL5413782
O=C(O)C[S+]([O-])CCc1ccc(-c2ccccc2)cc1,5.346787486,CHEMBL572947
C[S+]([O-])c1ccc(Oc2ccc(S(=O)(=O)c3ccccc3C(=O)NO)cc2)cc1,5.236572006,CHEMBL576762
O=C(CC[C@H](NS(=O)(=O)c1ccc([N+](=O)[O-])cc1)C(=O)O)NCc1ccccc1,4.021363052,CHEMBL4163839
NC(=O)CC[C@H](NS(=O)(=O)c1ccc([N+](=O)[O-])cc1)C(=O)O,3.999565923,CHEMBL4160618
CCNC(=O)CC[C@H](NS(=O)(=O)c1ccc([N+](=O)[O-])cc1)C(=O)O,3.962175249,CHEMBL4164016
O=C(O)CCC(NC(=O)Cc1ccc(Br)cc1)C(=O)NCc1ccc([N+](=O)[O-])cc1,3.85911502,CHEMBL5277375
CCCCNC(=O)CC[C@H](NS(=O)(=O)c1ccc([N+](=O)[O-])cc1)C(=O)O,3.702677286,CHEMBL4162521
CC(C)NC(=O)CC[C@H](NS(=O)(=O)c1ccc([N+](=O)[O-])cc1)C(=O)O,3.306976932,CHEMBL4170455
CCCCCNC(=O)CC[C@H](NS(=O)(=O)c1ccc([N+](=O)[O-])cc1)C(=O)O,3.306932906,CHEMBL4175156
